[
    {
        "modelo": "Cupra Formentor",
        "id": 5,
        "Datos del coche ":[
           {
            "Cilindrada": 6, "Caballos de vapor": 390, "Velocidad Maxima": 250, "Numero de plazas": 5, "Km": 0
           }
        ],
        "Numero de coches disponible": 10,
        "Reservado": false
    },
    {
        "modelo": "Cupra Born",
        "id": 15,
        "Datos del coche ":[
            {
               "Cilindrada": 5, "Caballos de vapor": 231, "Velocidad Maxima": 160, "Numero de plazas": 5, "Km": 0
            }
        ],
        "Numero de coches disponible": 30,
        "Reservado": true
    }
]