[
    {
        "Modelos":{
            "Cupra Formentor":{
                "Cilindrada": 6,
                "Caballos de vapor": 390,
                "Velocidad Maxima": 250,
                "Numero de plazas": 5,
                "Numero de coches disponinle": 10
            },
            "Cupra Born":{
                "Cilindrada": 5,
                "Caballos de vapor": 231,
                "Velocidad Maxima": 250,
                "Numero de plazas": 5,
                "Numero de coches disponible": 30
            }
        },
        "Unidades":[
            {
                "id": 8,
                "modelo": "Formentor",
                "km": 0,
                "Reservado": true
            },
            {
                "id": 9,
                "modelo": "Formentor",
                "km": 0,
                "Reservado": true
            },
            {
                "id": 25,
                "modelo": "Born",
                "km": 0,
                "Reservado": true
            }
        ]
    }
]